-0.796545790273929, 26.3695495120343, 
-2.94096879026653, 36.5807935465016, 
-16.6084496952856, 23.9638759414646, 
-1.04966431693022, 28.1104396079053, 
-2.27840819610877, 34.0821825552477, 
-2.46230767907396, 34.8086890257034, 
-3.27597011819634, 37.7337454794341, 
-1.21702677965322, 29.1049455572247, 
-4.64646489792899, 42.0778974866580, 
-2.61987226469753, 35.4067954183626, 
-4.04681522240340, 40.2390461832369, 
-5.51446412175285, 44.6168251619937, 
-13.8476287183284, 21.0827334983855, 
-3.01426219476052, 36.8258859083104, 
-9.32897161776219, 17.4378584416010, 
-2.60224991048557, 35.3415638069519, 
-3.95504848516754, 39.9483866205836, 
-4.38494266677455, 41.2810099196999, 
-2.71052884206529, 35.7415873233081, 
-4.57133598003592, 41.8470692495848, 
-1.72538880552559, 31.7057802572921, 
-4.20070849699946, 40.7189259841163, 
-3.22444011417469, 37.5569393129640, 
-5.10806810425218, 43.4415782741098, 
-2.70130113274342, 35.7059826183755, 
-4.51197200994015, 41.6668342927905, 
0.01, 0, 
3.59763605398, -4.55523402985, 
4.04754998071, 3.69126738885, 
3.98985307802, 13.470827937, 
0.264418168747, 14.4272785627, 
3.66824269022, -14.1621674894, 
5.08479850603, -6.11858113161, 
4.08816635448, 15.4019996447, 
0.174615246137, 15.7888090552, 
5.42330348162, -19.9486635987, 
2.89276463488, -6.15006218083, 
2.30388724461, 11.5468767014, 
4.62845309913, 13.0471050882, 
5.86367009673, -20.7668994674, 
2.48871017352, -9.7906501747, 
1.84874968588, 15.1321910435, 
4.15548882923, 11.3427440224, 
5.11265482809, -18.633138129, 
3.01602532238, -4.83002891695, 
2.22345502641, 10.7985423637, 
3.59504260059, 7.08991970547, 
4.04075151807, -13.0013280857, 
1.31685890388, -11.7487773601, 
2.19661863723, 14.5730762172, 
5.43272494574, 2.6938138865, 
3.11214742233, -10.1410180586, 
5.44391122982, -6.08839621012, 
3.76053799341, 12.4378914531, 
0.366289631531, 12.354295935, 
2.63514016979, -15.0993289314, 
6.01439537484, -13.3151826471, 
3.37537343543, 14.4127890534, 
0.361886536422, 10.8940088772, 
2.39830002016, -15.3122840983, 
6.10433763731, -14.4936876676, 
2.59348072125, 14.2321149474, 
1.21800530655, 6.26749229721, 
2.17574368625, -15.7327067199, 
6.14951481825, -16.0613372275, 
6.1816484882, 21.3785565185, 
4.48616825763, 14.903131138, 
4.83924592164, 7.95923672611, 
0.646703531813, 2.21767824059, 
2.78627954812, 6.54645213275, 
4.70946950013, 12.878743868, 
5.40020420005, -19.6182461433, 
2.94585098514, -5.7703488806, 
2.2973302636, 10.9994538075, 
4.27884210438, 11.8551818876, 
5.30606462007, -19.1292930772, 
3.02124010812, -4.93263077143, 
2.22191272851, 10.8946452099, 
3.65581420921, 7.52765800719, 
4.09900301581, -13.4921119035, 
1.35643332367, -12.0531845688, 
1.94707899568, 15.5071068392, 
4.79518656616, 12.9385413525, 
5.35517420613, -19.569075127, 
2.97471270602, -5.42273427358, 
2.27098328755, 10.9356438691, 
4.05254112238, 10.4418420466, 
4.7330996155, -16.7502379275, 
2.66249214344, -7.66217726775, 
2.25102595684, 12.8979398637, 
4.96905521226, 12.4620901108, 
4.24739669987, -14.960940283, 
1.35352150789, -13.0215384195, 
1.55808382025, 17.2190411649, 
3.88825865802, 9.39068343376, 
4.52388822693, -15.8573568759, 
2.19864996644, -10.642175504, 
1.28400054957, 18.0736547875, 
3.32673506883, 5.33597063441, 
4.01106615998, -11.084018704, 
2.12438809552, -11.0177466306, 
1.22197535111, 18.2811262438, 
3.2862498805, 5.11035486511, 
4.0275018464, -10.5942420438, 
2.5895447025, -7.98815455188, 
2.20681765526, 13.2862471838, 
4.9448937546, 12.6355256248, 
4.4108105961, -15.6119814451, 
1.74613957602, -13.1426309256, 
0.051645803503, 21.3228320173, 
4.17450052039, 12.6394373392, 
1.12228891525, -18.6242552544, 
0.385245535443, -19.6053195589, 
0.0986403784151, 2.21588249238, 
0.744198444774, 18.3579117801, 
5.64480988501, -6.63428385066, 
1.19308915185, -19.3715291188, 
0.064533836756, 2.5355374146, 
0.769786163776, 18.2032522289, 
5.66908275132, -6.38324355689, 
0.980025954391, -20.3233008211, 
0.175563085275, 4.14808472592, 
0.552475032877, 19.7921187391, 
5.55465421881, -6.95678769919, 
1.65427954392, -16.8962419124, 
0.141568576562, -5.79261615561, 
1.03360523826, 16.7939161863, 
5.57052674333, -6.91488843098, 
1.70033044175, -16.4668545083, 
0.130598669307, -5.36034202948, 
1.07081138832, 16.3882929384, 
5.63899777106, -6.45919594346, 
1.19000989231, -19.3865608577, 
0.0682058934526, 2.62314031777, 
0.757658059683, 18.2798178859, 
5.66345642292, -6.43477200191, 
1.02281221857, -20.1508813281, 
0.151195820307, 3.85837000052, 
0.604951236805, 19.4736512397, 
5.56918232714, -6.87065487763, 
1.55943209798, -17.4827264278, 
0.0273878257434, -3.66374075086, 
1.05012340986, 15.773798589, 
5.85989268822, -5.25452795583, 
0.151508998673, -21.613578788, 
0.630755220215, 7.37281124672, 
4.92935869449, 18.5089051424, 
6.28105569734, -0.753967556619, 
5.38219185647, -16.9311109322, 
0.46783307816, 5.52026146556, 
6.0069962455, 21.7339283214, 
5.70858372768, -7.0030926053, 
0.942684389725, -20.4173065684, 
0.195526144783, 4.3908892803, 
0.494992252772, 20.0635702268, 
5.54894487265, -7.05608011011, 
1.72128267903, -16.447644696, 
0.276668766813, -7.17465182862, 
0.946639104438, 18.5921796173, 
5.33622226559, -7.98933124096, 
3.36172311737, -2.97136148075, 
1.66833741937, 8.13593615261, 
0.54398618901, -9.58238116945, 
4.57800417573, 0.775104561232, 
0.38690682038, 5.37752390767, 
2.46472481907, 4.08433552475, 
0.491565822949, -10.0126819008, 
4.57995112522, 0.708138712805, 
0.37661444075, 5.34858538684, 
2.45214512725, 3.86741617888, 
0.36038366381, -9.76533836321, 
4.50532008822, 0.374431708206, 
0.459437188998, 4.67297612154, 
2.52686129842, 4.35304540368, 
0.929562568043, -9.67190240618, 
4.79139347614, 2.04818082827, 
6.27168053545, 7.6354585748, 
2.12238476112, 1.70817029834, 
5.76043962464, -5.14167938114, 
3.73857056156, -4.96128172321, 
4.86352019386, 8.34521113413, 
1.50919638709, -3.48510118334, 
6.07250787951, -6.25914995034, 
3.96874418514, -2.85029736464, 
0.239296627495, 7.38884923664, 
2.25376449977, 2.6643397177, 
5.95438800205, -6.66746042574, 
3.94497829133, -3.18572606062, 
0.121391667618, 7.99398808554, 
2.14360999479, 1.80633751168, 
5.79271356237, -5.085898465, 
3.77599554228, -4.29658360417, 
5.43363520334, 10.0368363929, 
1.53458578966, -1.67452564173, 
6.19882664524, -7.19141153517, 
4.08401797637, -2.19497903583, 
0.446152171431, 5.88198945389, 
2.46007629889, 4.2782990456, 
0.561350676164, -10.071413755, 
4.61843877478, 0.917438483414, 
0.325164150821, 5.70850790278, 
2.4056722255, 3.53484747643, 
0.103659529109, -9.09492214036, 
4.31987819596, -0.754871155309, 
0.547413002228, 4.28360400347, 
2.5927762661, 4.98892664203, 
1.81406944998, -6.22030472275, 
4.12253150298, 1.56204205621, 
0.831412863779, 2.00061707875, 
2.85389266933, 7.78577938736, 
6.18843045917, -6.02001275546, 
4.00408490546, -2.51366394071, 
0.350535352151, 6.73843259537, 
2.36271197345, 3.58704235976, 
0.0168530255569, -8.83607748439, 
4.24321049484, -1.35580925314, 
0.535523621395, 4.71030389827, 
2.5682571685, 4.964420069, 
1.59856461867, -7.44833004907, 
4.60106921579, 3.5338469633, 
0.587641599651, 3.2015258701, 
2.68776932119, 5.66675513974, 
3.28746772894, 4.74768230848, 
4.03422164368, -10.1643718861, 
2.96869679916, -5.10449228047, 
2.22717555436, 10.8720253397, 
3.67741492037, 7.6711165907, 
4.12663160048, -13.6926709616, 
1.38690476513, -12.2286878414, 
1.75288883583, 16.3159327674, 
4.31655218617, 11.9634300659, 
5.76576412381, -20.6372745496, 
2.68485753237, -8.04681563614, 
2.16543380255, 13.4403858944, 
4.83954396597, 12.9000956433, 
5.02916063699, -18.2948629274, 
2.89908651705, -5.91075427166, 
2.31021112595, 11.3034318398, 
4.53615651384, 12.8876656886, 
5.89091141931, -20.7720814878, 
2.43263381698, -10.2790922345, 
1.62550342968, 16.4976416046, 
3.78137850219, 8.59975640611, 
4.3108608231, -14.7664996636, 
1.71504337391, -12.6991526714, 
0.155556481353, 21.2282708956, 
4.06540370131, 11.8579514195, 
6.00060287944, -20.9974612835, 
2.38126112873, -10.5956574951, 
1.36355096103, 17.5994166488, 
3.35334726128, 5.57355679396, 
3.99048267538, -11.1436682617, 
1.94794203749, -12.0255859071, 
0.751033103342, 19.9534953778, 
3.40797662504, 6.4422599394, 
3.96986992126, -11.604404408, 
1.5750507959, -13.270778376, 
0.597577603093, 20.355386072, 
3.56410151133, 7.64522017855, 
4.12341308388, -13.5154745267, 
1.44305794352, -12.4524802057, 
1.40432641483, 17.8136545907, 
3.58602089661, 7.29821399955, 
4.05344130484, -13.0589047823, 
1.34201635646, -12.0788277431, 
2.01111775531, 15.2151686537, 
4.9231541755, 12.498762033, 
4.50896962428, -16.1296235113, 
1.95449604916, -12.1609254881, 
0.566832201802, 20.4448909996, 
3.58833586227, 8.02486533517, 
4.07163772998, -13.082444315, 
1.39399916597, -13.0008063864, 
1.48817945963, 17.2212798704, 
3.60746885292, 7.37323144638, 
4.09826112329, -13.4388415932, 
1.37456791253, -12.0074247077, 
1.87702342437, 15.8347850997, 
4.64519594638, 12.906212711, 
6.06019123551, -21.1683633158, 
2.30650790727, -11.1706306534, 
0.960918620551, 19.2773276377, 
3.24097951693, 4.85510354037, 
4.06561755114, -10.3647014719, 
3.06374852003, -4.24152434352, 
2.17145943084, 9.80971258082, 
2.45074311839, -1.84199955161, 
1.87122084959, -18.6449137643, 
0.0656950204451, -18.0032326939, 
0.338635524498, -7.15176581598, 
0.832684134124, 19.4351379441, 
5.30491672702, -8.20669290705, 
3.58115073206, -1.10772062892, 
0.548025882559, 5.1173400001, 
5.75323663889, 21.4688855773, 
5.81787168088, -6.6652669126, 
0.50104279947, -21.4531249916, 
0.457574432992, 6.53286341408, 
5.85277424235, 21.5729718698, 
5.79217880228, -6.6461608551, 
0.54680238563, -21.4489656033, 
0.427907389272, 6.26002801706, 
6.03305436869, 21.7408623298, 
5.71208637027, -6.87293929997, 
0.865215139413, -20.7260889425, 
0.234845717035, 4.72028440115, 
0.425461622224, 20.4748689103, 
5.53730147254, -7.06425602782, 
1.83203571483, -15.5447558893, 
0.457615371042, -8.06841391485, 
0.41471186243, 21.2709381816, 
5.30211581711, -8.38261870636, 
3.58451829515, -1.10764904565, 
0.515875036528, 4.84234968264, 
5.94985496499, 21.736024879, 
5.7228385183, -7.00676172124, 
0.896481365917, -20.5582864404, 
0.22622476016, 4.74444776852, 
0.403120680302, 20.4512831834, 
5.54705670707, -7.17425424221, 
1.77372804321, -16.0803318491, 
0.424701403578, -8.12294518032, 
0.506863999753, 21.1896062992, 
5.26928039854, -8.01152231381, 
3.60304086221, -0.904397403736, 
0.381785661716, 4.00522272835, 
0.138597754055, 21.2628525754, 
5.55158053084, -7.62220346456, 
1.9500611022, -14.7431533907, 
1.25819844894, -8.53991360343, 
6.02913182302, -5.67030364186, 
3.90524347964, -3.26935606245, 
0.0411192282311, 8.53979260998, 
2.08218728417, 1.55887175067, 
5.76065613381, -4.83902381056, 
3.73420312776, -4.75435619576, 
4.96994081192, 8.66168503041, 
1.46430578784, -3.51029790809, 
6.19009373636, -6.75839035802, 
4.08466582767, -1.82301426703, 
0.479254527932, 5.23174459588, 
2.46771626212, 4.48458778781, 
0.68715589769, -10.157109633, 
4.67674258136, 1.17031887075, 
0.224098635232, 6.44553162942, 
2.31825041298, 3.01707985467, 
6.07953249242, -7.69801122501, 
4.05732462501, -2.57404592944, 
0.368618934498, 6.43568560177, 
2.38091302614, 3.5916537462, 
0.063628671162, -8.94966856812, 
4.28688673938, -0.976277027825, 
0.547623777569, 4.37890727818, 
2.58782262534, 4.98703651303, 
1.77193428052, -6.47249244602, 
4.24652430258, 2.23310728276, 
0.839798835489, 0.877714593612, 
2.87547734598, 7.96470240645, 
2.85221533257, 2.96953318323, 
4.75110919585, -7.84005633477, 
5.62902308718, 9.45320424795, 
1.6529659721, -1.16571982132, 
5.95956601702, -5.7805900037, 
3.87476684842, -3.64896008956, 
6.14094818116, 9.2989241277, 
1.94034428621, 0.712656089085, 
5.7435176221, -4.42015949858, 
3.69559779674, -5.04177297431, 
4.47248965891, 6.28694758519, 
2.13322194393, -1.65227101403, 
5.44068796238, -1.20451302668, 
3.388533475, -7.69439716052, 
5.54724013837, 8.06865370034, 
1.65742360579, -1.9291927207, 
5.90892590861, -5.52373310457, 
3.8225423513, -4.18343576415, 
5.77056321491, 10.1191859391, 
1.70054410773, -0.591109254617, 
5.91915685573, -5.5839986882, 
3.84087155134, -3.94077472306, 
5.9346605921, 9.8374701632, 
1.79575802205, -0.13160823558, 
5.81634829004, -4.79713145545, 
3.75025895549, -4.55932689924, 
5.20242065973, 9.42226332554, 
1.45293266402, -2.80143381779, 
0.037872170793, -7.45750137199, 
4.19789857442, -1.1200876236, 
0.564627749118, 4.28716891712, 
2.59400947239, 4.97794199212, 
1.84934567561, -6.21866118451, 
4.09127962447, 1.08196917138, 
0.825882286743, 2.03564016534, 
2.84793306761, 7.66231596405, 
5.6802101286, -1.35514702702, 
3.43579056563, -6.97934875015, 
1.13667339153, -8.5158017819, 
3.10882761956, 12.8591379493, 
0.568139445444, 7.38330360806, 
2.50684444879, -12.989704554, 
5.94799526538, -12.8405540612, 
3.502868937, 14.7661708122, 
0.302531007657, 12.1782844575, 
2.58873740405, -15.1291919458, 
6.01802477734, -13.5922846183, 
3.26738143963, 14.1944224175, 
0.411194529266, 9.79079649624, 
2.43450071678, -14.7606870466, 
6.08295575889, -14.46264536, 
2.61483583141, 14.1929727466, 
1.17410520572, 6.03619040275, 
2.23428847253, -15.0754269641, 
6.09902870103, -15.5023500351, 
1.4135860215, 17.9678561951, 
3.71812745053, 8.35435753915, 
4.17533774156, -13.9076504221, 
1.49009791593, -13.0525612739, 
0.93925386839, 19.4674709408, 
3.31556763655, 5.53494351057, 
4.00019086844, -10.8495096078, 
2.20212365659, -10.6966397966, 
1.52143639364, 16.8254062695, 
3.55706282509, 7.24447114878, 
4.03724360651, -12.8294923813, 
1.36756890035, -11.8585644412, 
1.95656994608, 15.5322161262, 
4.83778161251, 12.6124582662, 
5.00066391739, -18.305666192, 
2.85216568661, -6.15348974437, 
2.29477437913, 11.9262045228, 
4.75959573033, 12.8751273137, 
5.38074718984, -19.6326960592, 
2.96606431444, -5.52462535833, 
2.27799969524, 10.9826148527, 
4.13425884586, 10.9587970709, 
4.94107138589, -17.6968701927, 
2.92423284659, -5.70091526195, 
2.3060587849, 11.0170375837, 
4.34621100506, 12.1951642471, 
5.49553359339, -19.7704999102, 
2.90811656239, -5.9860696904, 
2.26912319062, 11.9033774587, 
4.61936043096, 12.6506855207, 
5.87265542574, -20.9390194531, 
2.57994339384, -8.89851036973, 
1.96300835647, 14.678598499, 
4.48177027776, 12.5986208463, 
6.07805862967, -21.1190381639, 
2.24483164898, -11.6987068993, 
0.624789302853, 20.2803983561, 
3.49925601005, 7.23397315912, 
4.0076113086, -12.4576002218, 
1.38241747686, -12.7844420376, 
1.63143785885, 16.6451716076, 
3.94019952414, 10.0061359306, 
4.4946176956, -15.4964368149, 
2.28027966879, -10.0579913096, 
1.46675343974, 17.3103585832, 
3.54384273716, 6.90433746156, 
4.03435132256, -12.8465545517, 
1.34882478575, -11.934508523, 
2.02037305145, 15.227675713, 
4.9565304206, 12.0352166734, 
4.22455574712, -15.0486143589, 
1.2589845158, -11.4222399017, 
2.46343524706, 13.7595472281, 
1.47522614505, 14.6173617306, 
5.28813970623, -7.31908206171, 
3.44712977666, -2.36642517945, 
1.33374165686, 6.98473762203, 
1.15639126609, -8.2760436542, 
4.77506206853, 3.16386302825, 
0.184285212899, 6.2251733326, 
2.26573316707, 2.73437755459, 
5.9590082328, -6.98279323181, 
3.94191203593, -3.50564204002, 
0.0512125748617, 8.58011726229, 
2.09930779097, 1.80534804996, 
5.77840927603, -5.18915382798, 
3.75436529552, -4.75155595556, 
5.10816577973, 9.20349498258, 
1.44899706626, -2.97708317456, 
0.0361875569089, -7.50641021925, 
4.19077284323, -1.25492996242, 
0.556924871246, 4.48505635776, 
2.58432446689, 5.00281880317, 
1.75662805485, -6.56167487379, 
4.28724289658, 2.43454635531, 
0.83051715087, 0.905655688872, 
2.8728378204, 7.92674772037, 
2.19716033223, -2.1980129025, 
2.03889275268, -15.8386646169, 
6.18373803335, -16.6537763431, 
2.92661360879, 2.02294268594, 
2.22009389456, -3.80786642546, 
2.35521935116, -12.8569440328, 
5.96987155244, -13.6944041701, 
3.11302591377, 14.1120762801, 
0.461237878801, 8.46123489995, 
2.43673325182, -13.9229866232, 
5.99290290491, -13.8027444429, 
3.11524050452, 14.0359907239, 
0.483076782259, 8.32025787479, 
2.43065320597, -13.8089642023, 
5.96845452467, -13.6872818121, 
3.20486329944, 14.0986774876, 
0.401427564811, 8.99011659549, 
2.44408443093, -14.3308677482, 
6.05547210097, -14.1615100533, 
2.83078757482, 14.0300509929, 
0.738372322133, 5.92365659245, 
2.63702948759, -11.5915661908, 
5.88418105687, -11.086148098, 
3.83880433602, 15.4213914847, 
0.203284118854, 14.6454527776, 
3.70866011431, -14.1042960576, 
4.91985195394, -7.14386418798, 
4.16347519419, 17.078857786, 
0.086733907748, 16.7264789211, 
2.57407954505, -8.60393531512, 
5.71312235913, -9.11114997785, 
3.95919453003, 14.9157655902, 
0.187212415823, 14.6687270227, 
3.869888113, -14.56955254, 
4.74715460317, -11.7008984157, 
0.243119576874, 3.1288096545, 
0.502952922448, 19.949908219, 
5.53113174993, -7.3724229699, 
1.99335687869, -14.4533942555, 
1.74979778331, -6.58597738252, 
5.3481899793, 0.905102783497, 
3.23216538636, -9.3334052788, 
5.02227025447, -6.75021909031, 
4.18638056273, 16.5296218632, 
0.117960824076, 16.6050006874, 
2.17929472199, -11.8338091567, 
5.89734621296, -13.848917063, 
3.03829612887, 13.9357680892, 
0.561182197968, 7.41919635728, 
2.55508936583, -12.8148054201, 
5.97549234081, -12.6130396823, 
3.51154653047, 14.8724531245, 
0.255283692321, 12.4969184233, 
2.7225397635, -14.9100393543, 
6.02956055334, -12.8086709913, 
3.48733172717, 14.740389382, 
0.285091261266, 12.1552773329, 
2.6151569631, -15.1014046938, 
6.03667068612, -13.5156625656, 
3.26045343277, 14.2511857662, 
0.390384325659, 9.89174998208, 
2.38187361813, -14.9440091151, 
6.03519563305, -14.6156121066, 
2.63570060672, 13.9345404706, 
1.26963833154, 6.35382389012, 
2.08400898224, -16.2804042487, 
6.19698384735, -16.2931277744, 
4.94696091172, 17.6812811348, 
6.08982007928, 19.1788821377, 
6.21538343264, -1.0404100978, 
5.44058368372, -17.5748562889, 
0.569976643726, 6.21910024201, 
5.48699457409, 20.8791137513, 
5.98539763581, -5.45119015413, 
6.10912824946, -21.1773416337, 
0.7093418224, 7.29597335858, 
4.61131782792, 16.7250731993, 
6.13900568616, 5.72651785524, 
5.18500118646, -16.59539295, 
0.725542522008, 6.56907677119, 
4.72463996077, 17.500664081, 
6.25776094333, 3.615659466, 
5.23309345553, -15.7648553301, 
0.419448620019, 5.22121866971, 
6.14912177032, 21.6065133262, 
5.64596209987, -7.38758487204, 
1.38753799982, -18.3306541047, 
6.27672982223, 0.265684085869, 
0.931402280271, 16.6505560625, 
5.84796838652, -5.26758304295, 
0.134634130338, -21.7144378805, 
0.634219389468, 7.20167087651, 
5.02175002715, 19.058656934, 
6.25895263393, -1.4879711431, 
5.40232757593, -17.3635807921, 
0.535119107569, 5.79789899176, 
5.78175109604, 21.6381065778, 
5.82959815065, -6.27988108925, 
0.285631703611, -21.8193117495, 
0.516159631499, 6.97784827009, 
5.49722358249, 20.799340546, 
5.97612270293, -5.64487786122, 
6.19664677947, -21.2683062158, 
0.686537756735, 7.40846173639, 
4.65110877686, 16.918239833, 
6.21963387834, 4.28761002922, 
5.18920908554, -15.8258008115, 
0.49634375054, 5.54515054558, 
5.92350498748, 21.727522536, 
5.74813179483, -6.79918737206, 
0.718111488115, -21.1262288788, 
0.326356594939, 5.53360892084, 
0.143350743369, 21.3619802726, 
5.57640418118, -7.16508878684, 
1.56982298812, -17.4206688639, 
0.0614457185641, -4.08283148799, 
1.06074231186, 15.8367377456, 
5.82190613791, -5.49791831812, 
0.295666543442, -21.6487619808, 
0.571047747945, 7.13420198, 
5.27385037626, 20.1025564442, 
6.11577104276, -4.17704247935, 
5.76394492009, -19.7965605783, 
0.715581615903, 7.10057516448, 
4.60074594782, 16.6470639256, 
6.13486104644, 5.74613434964, 
5.19383185071, -16.6303942311, 
0.725663588382, 6.62230217917, 
4.69426061821, 17.2963185369, 
6.23808680745, 4.07957270563, 
5.15532468302, -15.6865752769, 
0.486377140023, 5.27263493763, 
5.96115892437, 21.5948408612, 
5.72196845798, -7.16897028985, 
1.0020407695, -20.0956950473, 
0.177478480336, 4.35809084076, 
0.470629263835, 19.9732136402, 
5.56758954431, -7.21202525601, 
1.73723018054, -16.2579511478, 
0.2395818079, -6.69807355538, 
0.992070534081, 17.8286918441, 
5.3881158052, -7.40417710562, 
2.83537771633, -7.64099763587, 
2.2449352229, 12.5797208879, 
4.82419402835, 13.0961374762, 
5.14972281225, -18.7055484954, 
2.96624042659, -5.48845408887, 
2.2889847788, 10.6654772897, 
3.94956660124, 9.55202472795, 
4.60650014667, -16.3127688039, 
2.35490796515, -9.63068812873, 
1.68455543665, 16.2255778539, 
3.92091379986, 9.62416213124, 
4.55768434376, -15.9895475037, 
2.28950193835, -10.139902106, 
1.57290847265, 16.7007376024, 
3.67711924601, 8.00156914195, 
4.11097011309, -13.5064167587, 
1.39078767075, -12.7197756361, 
1.58735371922, 16.8838678915, 
3.86431665292, 9.44312778251, 
4.36500262073, -14.8829603189, 
1.9076472055, -12.4398100033, 
0.538172942959, 20.4521340264, 
3.66110851487, 8.69913660504, 
4.20822098737, -14.0926045187, 
1.55987529197, -12.7242511822, 
0.683734464355, 20.3777405249, 
3.41382006194, 6.35578534799, 
4.00454296713, -12.0755807015, 
1.53279047769, -12.8158455516, 
0.870006034328, 19.7637941733, 
3.32360382526, 5.57136518533, 
4.00543498677, -11.1094639063, 
2.06795870261, -11.3819912115, 
1.08332641265, 18.8156624311, 
3.25363117032, 4.95158029827, 
4.04957356805, -10.2747636225, 
3.00446279611, -4.77989134045, 
2.2443948419, 10.1686301559, 
3.28173383766, 4.83490521654, 
4.08441738265, -10.6176157195, 
3.0212838211, -4.43888744218, 
2.20569257593, 10.5602813138, 
3.2723010639, 4.55546978986, 
4.06382808299, -10.5649259646, 
2.89935661494, -5.47844172952, 
2.29299933365, 11.3917074901, 
4.48037819998, 12.4898930866, 
5.8992732452, -20.8854306933, 
2.49617339855, -9.66833389311, 
1.80805679799, 15.4171012047, 
4.0959667651, 10.8786310867, 
4.91842555519, -17.5842841341, 
2.90951834608, -5.80967703069, 
2.31179398804, 11.12648895, 
4.44722570377, 12.633350629, 
5.74656181427, -20.4512313935, 
2.65186633255, -8.23625653715, 
2.0628061519, 14.1584269524, 
4.69948675413, 12.7878559108, 
5.73130651691, -20.6764872418, 
2.74200774578, -7.49930277029, 
2.21172137909, 13.0902537571, 
4.88465527627, 12.4899057503, 
4.65330859959, -16.7739789653, 
2.29572562064, -10.1885870207, 
1.60437038714, 16.5043412019, 
3.71605769651, 8.32933188973, 
4.13960950395, -13.6715969616, 
1.43630671462, -13.0779299113, 
1.22370654455, 18.3568533049, 
3.35700628968, 5.7634167874, 
3.97384714184, -10.9683042498, 
2.00356498626, -11.4487772482, 
0.733204104177, 20.1878411675, 
3.3500824975, 5.77940835503, 
4.01217812695, -11.6195420952, 
1.80409019758, -12.3844731279, 
0.347388322157, 20.9923528714, 
3.8013679687, 9.74667928283, 
4.55782840692, -15.8842835334, 
2.34870357199, -9.78970309044, 
1.74168530683, 15.8447618337, 
4.00065168087, 10.2703043811, 
4.67818893343, -16.4782508523, 
2.57395533377, -8.30754760608, 
2.1622773156, 13.5413663034, 
4.87184236786, 13.074159506, 
4.92234535479, -17.7674635732, 
2.81242702858, -6.63628142822, 
2.27295850695, 12.2302563072, 
4.78940594168, 12.5138369565, 
5.1288287341, -18.8360519169, 
2.95022825026, -5.40324550858, 
2.26982031622, 11.262704543, 
4.25831367136, 11.4975167545, 
5.39641756387, -19.6108301574, 
2.99529761628, -5.2732562083, 
2.25692156633, 10.8127980808, 
3.86298837311, 9.16774125978, 
4.33088911887, -14.7718220729, 
1.79867951584, -12.7853213757, 
0.244381338076, 20.9995492298, 
4.0441873017, 11.8123684623, 
5.54452621852, -19.8820280473, 
2.85805039525, -6.64268724457, 
2.26205919024, 12.1408495135, 
4.69853389728, 12.6200192551, 
5.60126166186, -20.3901212223, 
2.8731173444, -6.3142572356, 
2.27658591071, 12.0758029074, 
4.74040891618, 12.7921795947, 
5.45399089942, -19.9029931216, 
2.94412841753, -5.71155156434, 
2.28253265678, 11.2795794105, 
4.35287807284, 12.0510706776, 
5.6142587343, -20.2214020492, 
2.81535666964, -6.94969253055, 
2.29384238493, 12.1784253348, 
4.8669152074, 12.9559517216, 
4.87081119103, -17.5703293212, 
2.74461692622, -7.12928042176, 
2.31143637444, 12.2343596806, 
4.89867690393, 11.9357549965, 
4.42230555319, -15.9278677397, 
1.66695532678, -12.8129418377, 
0.150686254052, 21.2459005476, 
4.06595772955, 11.8543216225, 
6.0235224287, -21.0330037523, 
2.35387592301, -10.8104840139, 
1.22482303742, 18.2199671729, 
3.25715939065, 4.85206965341, 
4.05496995773, -10.3983532735, 
2.95418597048, -5.13189330108, 
2.27949241445, 10.7269055942, 
3.96857389333, 9.94602511282, 
4.50807583567, -15.6189269226, 
2.23162654004, -10.6911326198, 
1.53092295196, 16.7531451213, 
3.5247688836, 6.72384627867, 
4.03438653977, -12.8085409327, 
1.36395846196, -11.892215585, 
1.96458689036, 15.4844911886, 
4.85017769457, 12.6107180837, 
4.9307134365, -18.0035623032, 
2.77582065716, -6.73935171884, 
2.28240103629, 12.4334122692, 
4.91381147479, 12.3703140258, 
4.46476899217, -15.9514743596, 
1.83792735603, -12.6380018493, 
0.231984718748, 21.0332689351, 
4.04196243388, 11.7738669505, 
5.57901260843, -20.0093821697, 
2.8374294999, -6.80545138125, 
2.31239526049, 11.8715287616, 
4.82417503442, 13.2470320013, 
5.27236013645, -19.404308394, 
2.9965442047, -5.06850658552, 
2.23999666889, 11.0112978577, 
3.87780770223, 9.14157146587, 
4.41794541146, -15.3146768182, 
1.95720484579, -11.9634004837, 
0.532133064488, 20.6091747064, 
3.58051937145, 7.89097708791, 
4.0965585398, -13.2882257156, 
1.41863364745, -12.7897927522, 
1.42689685477, 17.5823361245, 
3.57944263774, 7.37351279263, 
4.01088272953, -12.6794632327, 
1.31419409533, -12.3776588596, 
2.06084866293, 14.8860069587, 
4.98697848119, 12.5117413304, 
4.21188389868, -14.8102648966, 
1.3451968177, -11.7909583768, 
2.03551056914, 15.2383186089, 
5.00773182947, 11.1621356389, 
3.83394645244, -13.8895925542, 
4.80340812488, -14.1573279579, 
0.89728717279, 7.18221262459, 
3.43046898017, 7.46110994728, 
4.04780541648, -12.6382491676, 
1.47968577792, -12.9256140063, 
1.08177293586, 18.9735957915, 
3.30410227046, 5.34342778209, 
4.01055975338, -10.7378969702, 
2.3558026214, -9.67962166658, 
1.86431614055, 15.1672905541, 
4.25612782163, 11.8821651541, 
5.36092909278, -19.3168059852, 
2.9998688654, -5.14349628903, 
2.23775621989, 11.0991081176, 
3.92419815745, 9.43260304615, 
4.52516864725, -15.8739582747, 
2.19426362972, -10.6838329192, 
1.27843117581, 18.0877503298, 
3.32117111852, 5.30423257374, 
4.01258809128, -11.0154574037, 
2.18050249974, -10.7029791834, 
1.39054247086, 17.5283970858, 
3.41466101603, 6.07613384529, 
3.97006403874, -11.5533051826, 
1.60350120317, -13.1301638264, 
0.532814565176, 20.5452801714, 
3.65383233715, 8.60458526892, 
4.14181815883, -13.543056902, 
1.49295402058, -13.4030340396, 
0.720819781088, 20.3109696414, 
3.37542695396, 5.98253721324, 
4.00927238973, -11.8362117253, 
1.67203850296, -12.6903550815, 
0.391918397976, 20.9479689599, 
3.74021108986, 9.22797084655, 
4.39206503418, -15.0429322138, 
1.97122541243, -11.9590040834, 
0.627231708142, 20.3423504209, 
3.49827886628, 7.20458305579, 
4.0101864742, -12.4811635088, 
1.38443401674, -12.7428199793, 
1.63407285682, 16.6497921211, 
3.95259106733, 10.0723741455, 
4.53114830298, -15.6909215517, 
2.30452122876, -10.2517297027, 
1.64845790168, 16.4520164561, 
3.86802843432, 9.20892782015, 
4.47397133508, -15.6159953941, 
2.08043836308, -11.2951739684, 
0.897128426734, 19.6042576368, 
3.27145149048, 5.09189654347, 
4.04323658502, -10.7630359621, 
2.58612103283, -7.92927106467, 
2.17340103071, 13.5419656877, 
4.90905571843, 12.5594697954, 
4.56349946687, -16.3390648389, 
2.10256512259, -11.417665742, 
1.07663124296, 18.801406842, 
3.2519685496, 4.97072681287, 
4.04815537715, -10.1946054078, 
3.05384208549, -4.4064356751, 
2.19099255892, 9.6665168108, 
2.50091114111, -1.62120050455, 
2.23605528272, -17.5216538493, 
6.27444286768, -16.5581457054, 
4.13949873357, 12.2230461847, 
0.321789292129, 14.4320621033, 
3.73969446332, -14.2555381594, 
4.89919570767, -7.44555561805, 
4.06729216837, 16.9448027356, 
0.0849120497639, 16.3555388586, 
0.81289743717, -19.9258539292, 
0.673353534162, -19.7216067721, 
0.0718599135438, 1.86419551441, 
0.830916766667, 17.9014184559, 
5.6738328833, -6.22131493583, 
0.887893036999, -20.6999159469, 
0.223371475636, 4.5850173839, 
0.365781941858, 20.3246712394, 
5.57127149055, -7.40970870532, 
1.81471738706, -15.6807241992, 
0.413741729649, -7.86863188165, 
0.581769116905, 20.606568898, 
5.27547689379, -8.28191028879, 
3.70809400535, -0.110419654484, 
3.33596501157, 5.54965592108, 
1.41795378064, 8.49113225796, 
2.72291418881, -15.4158361674, 
6.03116869427, -13.0284504763, 
3.45535246351, 14.6124899793, 
0.319520776114, 11.7289797263, 
2.50806251428, -15.2708084792, 
6.03449352477, -14.1257967566, 
2.99605616782, 13.8515767507, 
0.610169419215, 6.94370702777, 
2.59258410877, -12.3521700578, 
5.94775991986, -12.0494566806, 
3.65723859564, 15.1748618725, 
0.216007466683, 13.6054259935, 
3.11318488519, -14.1976199398, 
5.87414607506, -9.15891478662, 
3.86613272833, 14.4699291251, 
0.245169709661, 14.2845263811, 
3.4776403386, -13.9384079475, 
5.45640779519, -5.66838651709, 
3.67574067788, 11.6408707363, 
0.413899371962, 11.2162842935, 
2.43016572103, -15.4624857285, 
6.05559809616, -14.6454178606, 
2.63865885626, 13.9202394455, 
1.26711739582, 6.3346620742, 
2.16631517804, -16.0217222621, 
6.19256966644, -16.2692853869, 
5.0812330568, 18.3813557378, 
5.96280778529, 19.487745394, 
6.19397938896, -1.89625959837, 
5.50941586524, -18.1340596933, 
0.620423233439, 6.5260572008, 
5.19950818231, 19.8566724184, 
6.15885612767, -3.56627067941, 
5.64666242194, -19.1631663783, 
0.688665183841, 6.83777662651, 
4.82943456729, 18.0641411288, 
0.0158909078153, 1.30193868252, 
5.24238888051, -15.8990358412, 
0.376142639711, 4.58046561849, 
0.17322354114, 21.402474346, 
5.54810540844, -7.2270456641, 
1.80755994522, -15.7040585251, 
0.37171615118, -7.59314167528, 
0.716032911026, 19.831786066, 
5.28162356588, -8.19604995074, 
3.67933784843, -0.331564333629, 
0.428710271768, -7.18292001692, 
0.600250076179, 20.5287664313, 
5.28045898716, -8.16629184719, 
3.64031506077, -0.691214798387, 
0.14021689024, 0.19858316227, 
0.873724543232, 17.7671384729, 
5.62753983335, -6.47731508925, 
1.18668550204, -19.4718570771, 
0.0561020079545, 2.26014803773, 
0.825625345927, 17.9433799576, 
5.68000346189, -6.14251649651, 
0.927941956781, -20.360277973, 
0.232947240305, 5.03771997947, 
0.292857757816, 20.6538077802, 
5.56812830631, -7.42642605051, 
1.81408266232, -15.7045848227, 
0.440528538806, -8.04274091201, 
0.474193298443, 21.1207423917, 
5.28640756777, -8.27651805303, 
3.6256693186, -0.802621978281, 
0.216366732069, 1.93222215167, 
0.681326598446, 19.1662441919, 
5.53312283642, -7.04508624035, 
1.83625223324, -15.6497379538, 
0.682574017433, -8.98988402568, 
4.74192136328, 17.9830403112, 
0.0200473477174, 1.58721568173, 
5.21563827735, -15.746743596, 
0.344602369575, 4.64394687982, 
0.129610101716, 21.2100803889, 
5.56810260293, -7.57545964592, 
1.8546727418, -15.4133762909, 
0.606317233222, -8.66893413857, 
5.73696238298, 21.9759033857, 
5.72117926253, -7.24803018773, 
0.969154516912, -20.2767894477, 
0.184359965488, 4.32311804663, 
0.498666266569, 19.9707153384, 
5.55694404276, -7.09585689552, 
1.71499757008, -16.4599594595, 
0.233626321484, -6.74138435795, 
1.01275313612, 17.8329548963, 
5.37109653297, -7.29180680218, 
2.86983408362, -7.39116544637, 
2.22661494341, 12.5707133421, 
4.72840528219, 12.61659102, 
5.48019413658, -20.0532720099, 
2.94973072359, -5.60860901154, 
2.26929471267, 11.4119565805, 
4.34773770065, 11.9098109194, 
5.66370060363, -20.4171871238, 
2.79912055303, -7.04128920503, 
2.26731258765, 12.502169349, 
4.88156691365, 12.6429639701, 
4.7035600532, -16.9390584306, 
2.42676071356, -9.3649817198, 
1.92148084968, 14.8845703716, 
4.39118356553, 12.4728010932, 
5.8089417336, -20.6091159821, 
2.55204559127, -9.27907208124, 
2.00882671718, 14.2837176092, 
4.4587380276, 12.3143711944, 
6.11698663777, -21.2455472815, 
2.26640500624, -11.4442927216, 
0.588885399046, 20.4695767463, 
3.48431826335, 7.02313994142, 
4.02968553803, -12.637011767, 
1.40703089411, -12.5048894492, 
1.59248573724, 16.9350957248, 
3.90443540777, 9.64005224527, 
4.48489873208, -15.5514217155, 
2.16062832737, -11.0277895949, 
1.27238574487, 18.0052721812, 
3.3048804577, 5.28548234713, 
4.00859969047, -10.6224131785, 
2.42331421981, -9.24573299301, 
2.00348355131, 14.4309631064, 
4.50605836738, 12.4431617556, 
6.17144923403, -21.2937113276, 
2.19142725513, -12.0202387475, 
6.19108334673, 21.2215184583, 
4.44598553361, 14.6183862959, 
4.63744859231, 7.06272522537, 
0.858811871369, 0.0292863246674, 
2.98828045891, 8.66158898987, 
1.52834856665, 10.5428526831, 
5.86391106791, 7.32696709517, 
5.66618124764, -20.5395167932, 
1.01263214679, 8.07308247576, 
2.63253609837, 0.641949968107, 
6.16919355765, 1.49711341765, 
5.28928407852, -16.9042068494, 
0.601267125003, 6.04011780566, 
5.48016984331, 20.9892894531, 
6.03521363345, -5.20241336716, 
6.04154586093, -20.8092257354, 
0.709817972282, 7.46266724158, 
4.48237116758, 15.7866644577, 
5.89844593783, 7.72477390476, 
5.60754325997, -20.1495615373, 
1.01283077007, 8.17549068104, 
2.57149836751, 0.097036621632, 
2.24531003989, -11.427030343, 
5.90093840887, -13.363023759, 
3.26120046474, 14.3114315847, 
0.386751587984, 9.94633500761, 
2.38248732562, -14.9684579758, 
6.03622945025, -14.6251137917, 
2.6294283383, 13.940445938, 
1.28621671647, 6.4537080874, 
2.06938444388, -16.4885837688, 
6.21252928899, -16.4282742786, 
4.27039229324, 13.2470587629, 
0.256412463382, 15.58011382, 
5.5124519406, -20.3097370909, 
2.87553620023, -6.25371201005, 
2.28619315123, 11.9295317653, 
4.72053372859, 12.89685184, 
5.56673913741, -20.1958757968, 
2.86047570969, -6.50436666127, 
2.29774510787, 11.9045587277, 
4.76716104662, 13.0654678141, 
5.40042560884, -19.6281632918, 
2.94267978749, -5.79680523764, 
2.29886194228, 11.0223933018, 
4.30335642115, 11.9815400843, 
5.37738483305, -19.3837072708, 
2.98872905193, -5.24475555749, 
2.24452200859, 11.1997447959, 
4.0432076224, 10.198900943, 
4.81438734488, -17.2733281858, 
2.74214289504, -6.92641760105, 
2.26189935384, 12.7201812987, 
4.93923622002, 12.0697672808, 
4.27345259632, -15.2215729985, 
1.36267115675, -12.5111892528, 
1.75732959119, 16.2020701949, 
4.28597895159, 11.9523530615, 
5.57659598074, -20.0817871179, 
2.8426646204, -6.72755993662, 
2.30759404685, 11.8975943798, 
4.81223137121, 13.1837397037, 
5.21687970468, -18.9262201231, 
2.97469036365, -5.48611590485, 
2.2337840317, 11.0535737182, 
3.86203364163, 8.9997575324, 
4.40315631943, -15.2627523906, 
1.91244871706, -12.1100296076, 
0.376714992646, 20.9349233228, 
3.75817508236, 9.38501550076, 
4.43901955335, -15.2857367728, 
2.07993540228, -11.4096607971, 
0.979504038582, 19.2341786609, 
3.25998969642, 5.03067351687, 
4.04485222392, -10.4431182131, 
2.83864188519, -6.07387878868, 
2.32628077231, 11.5590887568, 
4.7484405773, 13.2155866072, 
5.51385074285, -19.9230252789, 
2.8552591906, -6.63901980505, 
2.26395510238, 12.1306331921, 
4.70308432874, 12.6320026075, 
5.58388613754, -20.3395693275, 
2.88431263541, -6.21662400929, 
2.27898019231, 11.9679650673, 
4.70236188138, 12.8244758979, 
5.62732712071, -20.3826208084, 
2.82109706449, -6.83675017833, 
2.28008529353, 12.3018431932, 
4.85537676041, 12.7709843929, 
4.87226639121, -17.6503177013, 
2.72716634711, -7.19623496985, 
2.28549546558, 12.5240505256, 
4.96269184764, 12.4142735485, 
4.25702956939, -15.0172644899, 
1.36870602597, -13.0397107368, 
1.55684142881, 16.9134917659, 
3.7226760295, 8.22404991805, 
4.22950115994, -14.3058472321, 
1.55807093427, -12.7896579273, 
0.663280200717, 20.411997625, 
3.43791508151, 6.58671289107, 
4.0056484779, -12.2241210066, 
1.47256110526, -12.7640378077, 
1.18456651376, 18.6210028674, 
3.34206889661, 5.55721374745, 
3.99549437768, -11.1073737953, 
2.00298122321, -11.7515048097, 
0.907062386494, 19.4513638071, 
3.30139072746, 5.46546666982, 
4.00579839873, -10.6995792015, 
2.34623627976, -9.78449175176, 
1.86483512752, 15.1330713919, 
4.18613451004, 11.1277716458, 
5.38455181245, -19.650302555, 
3.02372249747, -4.93712052978, 
2.22390409664, 10.7858564145, 
3.58968821918, 7.06574514008, 
4.03241660063, -12.9228958182, 
1.31351216169, -11.7837715936, 
2.20334870567, 14.5335643274, 
5.45181616641, 2.39645102528, 
3.13022622235, -9.88695169886, 
5.36585914609, -5.94749622318, 
3.80576801764, 12.7577167899, 
0.351993585596, 12.8259358654, 
2.76355013746, -14.7883829044, 
5.97556631153, -12.26532173, 
3.68938858897, 15.1079184288, 
0.276777951854, 13.5087156552, 
3.03467167801, -14.3653034263, 
5.93644649825, -10.1089944867, 
3.85315216758, 14.9977321621, 
0.198246160956, 14.5768391779, 
3.72776372248, -14.2314347479, 
4.93433477318, -7.13985696759, 
4.14626983714, 17.0133421756, 
0.0619933834057, 16.6926202736, 
2.73247467363, -7.31634628318, 
5.53738235644, -7.03246798921, 
3.83978027281, 13.3278601808, 
0.321534581988, 13.394255097, 
2.97639841056, -14.3306386573, 
5.9038757943, -10.3024815013, 
3.90537277887, 15.1387896506, 
0.249914468741, 14.6967935973, 
3.75024233338, -14.3562805978, 
4.93710085945, -7.23752196834, 
4.10994246905, 16.9632882875, 
0.0406444689083, 16.5875949539, 
2.48049442093, -9.50159881781, 
5.82087549709, -10.7126548651, 
3.87775905978, 15.4947342479, 
0.187585318307, 14.8982122812, 
3.95457857096, -14.6098644029, 
5.62866057103, -21.2420665862, 
1.20740760496, 8.75023842681, 
1.63269403088, -6.36281002549, 
4.39674727846, 2.79586286285, 
0.774944088966, 1.44864659553, 
2.86662587632, 7.31122140764, 
5.38891969111, 3.90253956326, 
3.04451107157, -10.697585435, 
5.60124949428, -6.65805428414, 
3.72281039171, 12.4985275182, 
0.328510647051, 12.3424405558, 
2.68884965465, -15.0417136172, 
6.04554385187, -13.1232700601, 
3.3767515541, 14.5238124113, 
0.318186275237, 11.1902236506, 
2.47151324287, -15.2767039784, 
6.06811938351, -14.4264534671, 
2.74174239141, 13.9380734789, 
0.962043938038, 5.51056868457, 
2.51304693159, -12.3575747839, 
5.90876204289, -12.3335791558, 
3.66095529317, 15.1219106999, 
0.272060544836, 13.3809243417, 
2.92329315532, -14.3643290814, 
5.96242259645, -10.5514244521, 
3.8275088813, 15.141509757, 
0.185125211995, 14.5501639927, 
3.72060922904, -14.2510404499, 
4.97194076645, -6.86248185501, 
4.17001509526, 16.8220089018, 
0.0613468618947, 16.7258769174, 
3.11094374872, -4.07707503043, 
0.64102923592, 0.742987840535, 
2.89948638439, 7.33568819469, 
6.04100236924, -4.79370818507, 
3.86026788213, -3.320661261, 
6.20543104733, 8.9781182442, 
1.97981093917, 0.813971808351, 
5.73301444261, -4.24070990359, 
3.68977722317, -4.95287330067, 
4.49089118577, 6.32420658474, 
2.11255215224, -1.52690845754, 
5.44395461996, -1.70308711188, 
3.40941664282, -7.8980112295, 
4.58963510777, 5.34400135769, 
2.15310990304, -1.25407699682, 
5.45696092752, -1.79793213652, 
3.42291113571, -7.6428933059, 
0.467517875579, 2.79810857153, 
2.68279276144, 5.44493778683, 
3.03430959787, 2.62198965715, 
4.49147955797, -8.07239807951, 
5.74431467181, 9.55838303839, 
1.68701723909, -1.05790920005, 
5.90626545545, -5.19759157531, 
3.83032005725, -3.74729562808, 
5.96121638653, 9.61694716898, 
1.7961445738, 0.086346632861, 
5.82762057168, -5.13472861754, 
3.76080833274, -4.71437937257, 
5.17792087374, 9.47727897058, 
1.45885586212, -2.60296580173, 
0.0557641274858, -7.70063494002, 
4.20093961376, -1.32101716154, 
0.554360701921, 4.64161285729, 
2.58241236927, 5.1258675211, 
1.83471673214, -6.17751882321, 
4.08824724627, 1.24462100515, 
0.828822995606, 1.62833303615, 
2.8651953008, 7.51594999974, 
5.59169951002, 0.235543781738, 
3.30251973537, -7.93047802192, 
4.98136722665, -17.0170904326, 
1.22298134222, 7.95150612372, 
1.65332578095, -6.35752143331, 
4.38243647146, 2.49703697815, 
0.772714120341, 1.94765283984, 
2.8452360001, 7.48097091158, 
5.42104817128, 2.57646815603, 
3.12054577516, -10.1937624451, 
5.45527107112, -6.10114246268, 
3.74738276845, 12.3988152563, 
0.35658074001, 12.306964351, 
2.64174243527, -15.1047824276, 
6.02755631697, -13.3362547376, 
3.34424464411, 14.3875497546, 
0.359653885593, 10.6890710311, 
2.39994829775, -15.2521237323, 
6.04339829248, -14.6697129472, 
2.61852319593, 13.9277967993, 
1.29502264234, 6.82941183276, 
2.13245048602, -16.7030590888, 
6.23842577531, -16.6545874804, 
3.23649599031, 4.68077144769, 
0.814015840746, 20.2960200954, 
5.05994750746, -8.83458458462, 
4.75180749499, 6.94741062905, 
1.7139101018, -3.22850142743, 
5.67451392417, -3.18425749598, 
3.57900884411, -5.94737096405, 
2.59656381836, -7.78688070096, 
2.21766819622, 13.2416025791, 
4.96616491923, 12.3177501003, 
4.22691882387, -14.9335304145, 
1.29744719519, -12.4048324812, 
2.09393616276, 14.7581570253, 
5.05126855991, 11.800784018, 
3.86054726687, -14.0195594512, 
4.86678940842, -15.0734205101, 
1.02281931897, 7.73677863704, 
2.52662831727, -0.288139595103, 
3.95760679403, -15.0033518872, 
4.9291996138, -16.1662326192, 
1.15629440411, 8.05027431467, 
1.83648100844, -5.20034205979, 
3.84396631757, -0.437146971742, 
0.579483869211, 4.85814042493, 
2.57106210846, 5.06367747785, 
1.69876500752, -6.90723612228, 
4.42681424097, 3.01509758571, 
0.763110460522, 1.50996890963, 
2.8594488851, 7.22047696052, 
5.28630936708, 6.19543446011, 
3.05058060785, -12.0578844711, 
5.77319645825, -8.05833411292, 
3.81117762864, 13.6863204617, 
0.264634709884, 13.6267509283, 
3.15100639187, -14.1849246501, 
5.85644312801, -8.80732760743, 
3.84931747179, 14.2018664834, 
0.256060689726, 14.0596613266, 
3.34557563239, -13.9623710055, 
5.65791893113, -6.65294548787, 
3.70386241745, 12.1701996416, 
0.382784942785, 11.8077661829, 
2.5215547752, -15.3389132124, 
6.0430037142, -14.1158846824, 
2.99108318219, 13.8702122203, 
0.606973212357, 6.94138374791, 
2.53508079537, -12.4675383367, 
5.95277564268, -12.0437757446, 
3.65007959784, 15.1674728932, 
0.21092499071, 13.58334194, 
3.11501618844, -14.2145055746, 
5.88001084207, -9.18749183912, 
3.86159173739, 14.4858401112, 
0.237988077948, 14.2940941193, 
3.49750177999, -13.9689222603, 
5.43257615328, -5.60878072485, 
3.68176035222, 11.7031469357, 
0.404497371119, 11.3347911697, 
2.45183086009, -15.4426216412, 
6.05915944726, -14.5491373804, 
2.69839629737, 13.8924618403, 
1.10187870184, 5.67578512041, 
2.32663837555, -13.8887031561, 
5.97218135801, -14.2529984259, 
2.81754523496, 14.0872609553, 
0.735909260264, 5.90619348378, 
2.64646143802, -11.5702344129, 
5.89265412235, -11.0609588378, 
3.82722519209, 15.4008335059, 
0.191621202507, 14.6215628563, 
3.72249007348, -14.1768365186, 
4.91903912054, -7.22215662386, 
4.13690409948, 17.0453557654, 
0.0753676992494, 16.6461041735, 
2.29982894325, -10.9005737019, 
5.86666413821, -12.6793701326, 
3.54353800616, 14.8882141733, 
0.297016222064, 12.5034988915, 
2.65135411653, -14.9830608118, 
5.99484767905, -13.0927925388, 
3.4010894081, 14.6313392132, 
0.282658981839, 11.576485895, 
2.55119855847, -15.2132375917, 
6.08231670216, -14.0608123712, 
2.92429761357, 14.0079578667, 
0.617323016507, 6.6428686623, 
2.59176826383, -12.1537318211, 
5.91372895396, -11.792478468, 
3.74292116377, 15.3144320603, 
0.225289860676, 14.0677415065, 
3.29958611489, -13.9282081427, 
5.69203019655, -6.99773415786, 
3.74099728823, 12.5154925405, 
0.373772289836, 12.2371401538, 
2.59436062675, -15.1754313266, 
6.0140318305, -13.564343022, 
3.28960653073, 14.2176399056, 
0.35694785601, 9.833693771, 
2.42994180222, -14.8652693532, 
6.0829359953, -14.5226039781, 
2.58391552721, 14.2101031276, 
1.26580017445, 6.52113743359, 
2.12190323671, -16.3500013836, 
6.1836526797, -16.5038710558, 
4.27582162611, 13.2147150168, 
0.291848337594, 15.4816434839, 
5.12217043116, -18.9043599847, 
2.85797805374, -6.26681691505, 
2.31315841044, 11.6708427481, 
4.73592678198, 13.1726237532, 
5.56047881515, -20.074273267, 
2.8240772584, -6.90574005459, 
2.31383250882, 11.9208107499, 
4.78743190637, 12.4520045696, 
5.12573611402, -18.8485411441, 
2.94624689862, -5.40957746609, 
2.26796566646, 11.3487353671, 
4.29975440209, 11.6651713393, 
5.54080491382, -20.0921165149, 
2.91366923576, -6.00988240676, 
2.28781712305, 11.5950265372, 
4.5636445195, 12.7726363181, 
5.93491143112, -20.9339295524, 
2.43342154789, -10.2019014127, 
1.62969847957, 16.2851693705, 
3.71191630098, 8.32251313389, 
4.12162103404, -13.5456786209, 
1.41224715139, -13.0889837378, 
1.35076234614, 17.8060087404, 
3.45896286105, 6.55017165846, 
4.00840066476, -12.1390822167, 
1.52507288792, -12.5914866332, 
0.972881468248, 19.4944046114, 
3.28840719399, 5.14793101651, 
4.0360751552, -10.9430876943, 
2.40105265351, -9.22012807317, 
1.87985590958, 15.2040223654, 
4.34354299719, 12.1098758119, 
5.7644137883, -20.601382901, 
2.66440161819, -8.2517288997, 
2.15449743428, 13.4995037304, 
4.82113608175, 13.0891831365, 
5.19421266694, -18.8947874771, 
2.9752586785, -5.42137995844, 
2.28137873228, 10.6478535813, 
3.93000314505, 9.75664623915, 
4.47135745471, -15.6530774922, 
2.04898129752, -11.403044883, 
0.753989805104, 20.0988183615, 
3.34000200807, 5.70484273368, 
4.01137529382, -11.482415814, 
1.87761796575, -12.1575783778, 
0.481284796343, 20.732169465, 
3.63972539771, 8.39650028914, 
4.17922583876, -13.8425506266, 
1.53505065541, -13.0823850567, 
0.706089372829, 20.1875348974, 
3.44792579359, 6.7591865594, 
3.98131511209, -12.0012049015, 
1.45387426886, -13.0814607237, 
1.18311580529, 18.5035463639, 
3.33402278434, 5.60863684242, 
3.98350517851, -10.771292956, 
2.189320127, -10.4633047963, 
1.30430244748, 18.0498538966, 
3.35747100591, 5.51584026691, 
4.00661434783, -11.4590065579, 
1.86310095811, -12.1947641995, 
0.446661062797, 20.8096363049, 
3.67713956077, 8.70915614262, 
4.24856749133, -14.2552228873, 
1.66201669044, -13.0098156014, 
0.252036210727, 21.0579402372, 
3.99459133375, 11.3788745783, 
5.30590517879, -19.1356503785, 
3.03145499511, -5.01778064732, 
2.23616728332, 10.2544763257, 
3.28434057055, 4.84104570081, 
4.03172326831, -10.1745219525, 
2.96551785823, -4.86731614618, 
2.24813790421, 11.077052286, 
3.98256895226, 9.80801670193, 
4.66158994818, -16.5499564775, 
2.48026680902, -8.82249189303, 
1.96145578817, 14.7812489099, 
4.52668868106, 12.7216835881, 
6.1281163714, -21.1725963573, 
2.17462407104, -12.2362612201, 
0.00561413333511, 21.140708282, 
4.37825102186, 14.2473719424, 
3.57049204825, -0.0427384111612, 
0.245790781646, 7.58255155433, 
2.23705167514, 2.52947077573, 
5.92532960668, -6.34773775167, 
3.91839125449, -3.2819623981, 
0.0461199258775, 8.32219324379, 
2.06664796775, 1.71458954807, 
5.76800873069, -5.16302707008, 
3.73959773077, -4.98186838592, 
4.85764962663, 8.34332680844, 
1.5119061974, -3.44795146615, 
6.07194286302, -6.29596704779, 
3.96685959887, -2.90924971565, 
0.226975377819, 7.5077823734, 
2.24440966901, 2.64637291961, 
5.94176526981, -6.60824592858, 
3.93100765644, -3.33104905941, 
0.0641477993462, 8.33393605142, 
2.09698737445, 1.55174247831, 
5.76243488204, -4.77547090466, 
3.7381608733, -4.62565174416, 
5.07714431863, 8.98408449609, 
1.45857912123, -2.90713125256, 
0.0296142133136, -7.66033257364, 
4.17258349249, -1.61807497729, 
0.532418792777, 5.03365537113, 
2.55583217446, 5.04867847453, 
1.56435560959, -7.68876924574, 
4.65333840604, 3.5049744061, 
0.491938574466, 4.21475130511, 
2.58839761095, 4.97745986659, 
1.76242235563, -6.59567130469, 
4.29238295177, 2.36446246507, 
0.826699946438, 1.13862252913, 
2.90043170071, 7.75860033262, 
1.94270012383, -3.79361267031, 
3.15157146759, -5.81389515655, 
5.92215167836, -22.2788144032, 
1.09905294699, 8.44561406848, 
2.19561109407, -2.90140522055, 
2.2036528693, -14.340650206, 
6.07840774953, -15.3274961403, 
1.5747579844, 17.3788098895, 
4.06222713489, 10.5894025912, 
4.95758772795, -17.8727868968, 
2.92662015824, -5.57043305746, 
2.28730449334, 11.2825037417, 
4.38377208072, 12.1700454526, 
5.7000079266, -20.4503353421, 
2.73000493942, -7.69228590516, 
2.23535704184, 12.8898879006, 
4.90659331157, 12.7701746461, 
4.62768982395, -16.5445731014, 
2.28699984988, -10.3729591219, 
1.65772806438, 16.1406834957, 
3.73416566185, 8.25451802184, 
4.24565389536, -14.4132855326, 
1.58203835918, -12.768268277, 
0.552105056628, 20.6868950427, 
3.53562041721, 7.44234288252, 
4.06994234003, -13.0750046667, 
1.39889056326, -12.4478826597, 
1.64123011766, 16.7379346211, 
4.01899959605, 10.3756138892, 
4.76989405874, -16.950578034, 
2.71582755612, -7.22111310896, 
2.27556471817, 12.6395535363, 
4.96554219398, 12.2899261731, 
4.21403924583, -14.8847873569, 
1.27184569935, -12.1326128658, 
2.26875608287, 14.1743712259, 
5.75156504363, -1.70523087258, 
3.53672904722, -6.22518441992, 
2.0257387594, -11.2292792274, 
0.953848104973, 19.4561937204, 
3.25402543198, 4.8806678408, 
4.0623467241, -10.6666326814, 
2.80772692681, -6.20652132383, 
2.30267153024, 12.0611768415, 
4.85155788726, 12.6564920133, 
4.84904968536, -17.5884761026, 
2.68246977529, -7.49690972307, 
2.24679077287, 12.9201985227, 
4.95868732724, 12.3229320813, 
4.256226568, -15.0528999641, 
1.35592470104, -12.8348941819, 
1.69098241737, 16.3778542035, 
4.07450517877, 10.8896993916, 
4.90515698372, -17.7360659546, 
2.85115245877, -6.04445241722, 
2.28052015292, 12.0927918727, 
4.76469093668, 12.6445615293, 
5.29174586008, -19.4081335794, 
2.99322243707, -5.1718953613, 
2.25073482705, 10.8992281373, 
3.87786895079, 9.2162185282, 
4.38321389671, -15.0820834734, 
1.90150131716, -12.3113618475, 
0.430043278291, 20.7611281501, 
3.74427727997, 9.33614997959, 
4.34619491235, -14.7248162842, 
1.89985545782, -12.4290910992, 
0.50298690883, 20.5512976747, 
3.6924680171, 8.95001995919, 
4.20137790083, -13.8849759393, 
1.67026597116, -12.6527059571, 
0.252687857585, 21.1914008067, 
3.88972133761, 10.4210584637, 
4.94820302218, -17.8090904418, 
2.94089398268, -5.41411887013, 
2.27571341497, 11.2563103074, 
4.29299829543, 11.6933158906, 
5.48555665948, -19.888066831, 
2.94024560144, -5.79585656156, 
2.2877795388, 11.268446676, 
4.38002861462, 12.2123417725, 
5.6639173296, -20.3295108241, 
2.75263328863, -7.51904067237, 
2.26507596375, 12.6105440349, 
4.91907332859, 12.8151823678, 
4.57506832496, -16.2817360279, 
2.17730463428, -11.1025655565, 
1.30114885974, 18.0638118474, 
3.35045296769, 5.44676578926, 
4.01129562736, -11.4372193497, 
1.90496637749, -12.0033158022, 
0.526388620398, 20.6573812297, 
3.57354551398, 7.80814886621, 
4.09875794818, -13.3104383687, 
1.420278182, -12.6962966834, 
1.4487624048, 17.5207296541, 
3.622390117, 7.66495612872, 
4.05157718533, -13.0529725588, 
1.33257279261, -12.4299228641, 
1.96053233687, 15.2997188051, 
4.77400409259, 13.3750588454, 
5.61573190436, -20.2103437656, 
2.76283741893, -7.4610899229, 
2.22848297121, 12.8766631307, 
4.86517104632, 12.2199047116, 
4.66468514153, -16.9270121853, 
2.27668288688, -10.1918387107, 
1.48378519901, 17.1714235911, 
